hgvs_pro,binary_clinvar_class,SYNorPTC
p.A79T,B,
p.P354Q,B,
p.S294R,B,
p.Q298E,B,
p.P391S,B,
p.Y377F,B,
p.M205V,B,
p.R308H,B,
p.P354L,B,
p.N117S,B,
p.S302N,B,
p.S360G,B,
p.Q110R,B,
p.P281A,B,
p.S305N,B,
p.Y176C,B,
p.S287P,B,
p.V365I,B,
p.R142Q,B,
p.I303S,B,
p.V369I,B,
p.K147R,B,
p.R234W,B,
p.D301N,B,
p.A359S,B,
p.R3L,B,
p.R3P,B,
p.G4R,B,
p.G19R,B,
p.G21R,B,
p.I28T,B,
p.P64L,B,
p.E77V,B,
p.A79V,B,
p.S90P,B,
p.Y123C,B,
p.R170W,B,
p.L171V,B,
p.M1L,P,
p.M1V,P,
p.M1R,P,
p.M1T,P,
p.M1I,P,
p.I5T,P,
p.K6E,P,
p.N12I,P,
p.N12T,P,
p.K13E,P,
p.K13Q,P,
p.R15T,P,
p.R15K,P,
p.R15S,P,
p.Y16D,P,
p.D19V,P,
p.G20V,P,
p.F21S,P,
p.D22H,P,
p.D22V,P,
p.D22G,P,
p.L23V,P,
p.D24Y,P,
p.D24H,P,
p.D24V,P,
p.D24G,P,
p.L25F,P,
p.T26P,P,
p.T26N,P,
p.T26I,P,
p.Y27N,P,
p.Y27F,P,
p.Y27C,P,
p.Y27S,P,
p.N31D,P,
p.M35L,P,
p.M35V,P,
p.M35T,P,
p.M35R,P,
p.M35I,P,
p.G36R,P,
p.G36E,P,
p.P38T,P,
p.P38L,P,
p.P38R,P,
p.Y46H,P,
p.R47G,P,
p.R47K,P,
p.N48S,P,
p.N48K,P,
p.I50T,P,
p.V53A,P,
p.F56S,P,
p.L57W,P,
p.H61D,P,
p.H61P,P,
p.H61R,P,
p.H64P,P,
p.K66E,P,
p.K66N,P,
p.I67R,P,
p.Y68D,P,
p.Y68H,P,
p.Y68S,P,
p.Y68C,P,
p.L70R,P,
p.L70P,P,
p.C71Y,P,
p.F81C,P,
p.F81L,P,
p.F90S,P,
p.D92Y,P,
p.D92V,P,
p.D92G,P,
p.D92A,P,
p.H93Y,P,
p.H93N,P,
p.H93D,P,
p.H93P,P,
p.H93R,P,
p.P95L,P,
p.P96S,P,
p.P96Q,P,
p.P96R,P,
p.P96L,P,
p.L98P,P,
p.L98R,P,
p.L100F,P,
p.I101T,P,
p.I101N,P,
p.C105R,P,
p.C105G,P,
p.C105Y,P,
p.D107Y,P,
p.D107G,P,
p.D107V,P,
p.L108F,P,
p.L108R,P,
p.L108P,P,
p.W111R,P,
p.L112V,P,
p.L112R,P,
p.L112P,P,
p.H118P,P,
p.V119L,P,
p.V119A,P,
p.V119G,P,
p.A120T,P,
p.A121P,P,
p.A121T,P,
p.A121E,P,
p.A121G,P,
p.H123N,P,
p.H123D,P,
p.H123Y,P,
p.H123R,P,
p.H123Q,P,
p.C124S,P,
p.C124G,P,
p.C124R,P,
p.C124Y,P,
p.C124W,P,
p.K125R,P,
p.A126P,P,
p.A126T,P,
p.A126D,P,
p.A126V,P,
p.G127R,P,
p.K128E,P,
p.K128R,P,
p.K128N,P,
p.G129R,P,
p.G129V,P,
p.G129E,P,
p.R130G,P,
p.R130L,P,
p.R130P,P,
p.R130Q,P,
p.T131I,P,
p.G132S,P,
p.G132D,P,
p.G132V,P,
p.M134R,P,
p.M134T,P,
p.M134I,P,
p.I135V,P,
p.I135K,P,
p.C136R,P,
p.C136F,P,
p.C136Y,P,
p.A137E,P,
p.H141L,P,
p.H141P,P,
p.R142P,P,
p.F154C,P,
p.Y155N,P,
p.Y155H,P,
p.Y155S,P,
p.Y155C,P,
p.R159W,P,
p.R159G,P,
p.R159K,P,
p.R159M,P,
p.R159S,P,
p.T160I,P,
p.D162E,P,
p.G165R,P,
p.G165V,P,
p.V166E,P,
p.T167N,P,
p.S170R,P,
p.S170N,P,
p.S170I,P,
p.Q171K,P,
p.R173G,P,
p.R173C,P,
p.R173L,P,
p.R173H,P,
p.R173P,P,
p.Y174H,P,
p.Y174N,P,
p.Y174C,P,
p.V175M,P,
p.Y177H,P,
p.L181P,P,
p.F195S,P,
p.M198K,P,
p.F200V,P,
p.T202I,P,
p.P204A,P,
p.C211W,P,
p.K221E,P,
p.F241L,P,
p.F241S,P,
p.P246L,P,
p.L247S,P,
p.V249G,P,
p.G251V,P,
p.D252V,P,
p.D252G,P,
p.K254T,P,
p.V255G,P,
p.V255E,P,
p.K267N,P,
p.H272P,P,
p.W274L,P,
p.N276S,P,
p.T277A,P,
p.T277R,P,
p.T277I,P,
p.D310G,P,
p.L316P,P,
p.D326N,P,
p.D326G,P,
p.K342N,P,
p.L345P,P,
p.K322K,B,SYN
p.R378R,B,SYN
p.R189R,B,SYN
p.G20G,B,SYN
p.V175V,B,SYN
p.P95P,B,SYN
p.E106E,B,SYN
p.D22D,B,SYN
p.F21F,B,SYN
p.R11R,B,SYN
p.A120A,B,SYN
p.R172R,B,SYN
p.Q399Q,B,SYN
p.P89P,B,SYN
p.R233R,B,SYN
p.K62K,B,SYN
p.L345L,B,SYN
p.E114E,B,SYN
p.V45V,B,SYN
p.A39A,B,SYN
p.V403V,B,SYN
p.V166V,B,SYN
p.R234R,B,SYN
p.D331D,B,SYN
p.S179S,B,SYN
p.T401T,B,SYN
p.R130R,B,SYN
p.R55R,B,SYN
p.L108L,B,SYN
p.G209G,B,SYN
p.F206F,B,SYN
p.V343V,B,SYN
p.L23L,B,SYN
p.C211C,B,SYN
p.F243F,B,SYN
p.L57L,B,SYN
p.L320L,B,SYN
p.V158V,B,SYN
p.D371D,B,SYN
p.H196H,B,SYN
p.T321T,B,SYN
p.P213P,B,SYN
p.I280I,B,SYN
p.A121A,B,SYN
p.A79A,B,SYN
p.S302S,B,SYN
p.T366T,B,SYN
p.L316L,B,SYN
p.R308R,B,SYN
p.V216V,B,SYN
p.T319T,B,SYN
p.R142R,B,SYN
p.L140L,B,SYN
p.P387P,B,SYN
p.P38P,B,SYN
p.S59S,B,SYN
p.L325L,B,SYN
p.P231P,B,SYN
p.G44G,B,SYN
p.A72A,B,SYN
p.L112L,B,SYN
p.G129G,B,SYN
p.P354P,B,SYN
p.K80K,B,SYN
p.G143G,B,SYN
p.C218C,B,SYN
p.E390E,B,SYN
p.S229S,B,SYN
p.P103P,B,SYN
p.V365V,B,SYN
p.G156G,B,SYN
p.R14R,B,SYN
p.S360S,B,SYN
p.T202T,B,SYN
p.G36G,B,SYN
p.R47R,B,SYN
p.T26T,B,SYN
p.S355S,B,SYN
p.E73E,B,SYN
p.K60K,B,SYN
p.P281P,B,SYN
p.F257F,B,SYN
p.A192A,B,SYN
p.K332K,B,SYN
p.L194L,B,SYN
p.A126A,B,SYN
p.V119V,B,SYN
p.D331X,P,PTC
p.K330X,P,PTC
p.N329X,P,PTC
p.A328X,P,PTC
p.K327X,P,PTC
p.D326X,P,PTC
p.L325X,P,PTC
p.D324X,P,PTC
p.N323X,P,PTC
p.K322X,P,PTC
p.T321X,P,PTC
p.L320X,P,PTC
p.T319X,P,PTC
p.L318X,P,PTC
p.V317X,P,PTC
p.L316X,P,PTC
p.Y315X,P,PTC
p.E314X,P,PTC
p.K313X,P,PTC
p.D312X,P,PTC
p.N311X,P,PTC
p.D310X,P,PTC
p.A309X,P,PTC
p.R308X,P,PTC
p.E307X,P,PTC
p.I306X,P,PTC
p.S305X,P,PTC
p.C304X,P,PTC
p.I303X,P,PTC
p.S302X,P,PTC
p.D301X,P,PTC
p.I300X,P,PTC
p.E299X,P,PTC
p.Q298X,P,PTC
p.D297X,P,PTC
p.C296X,P,PTC
p.L295X,P,PTC
p.S294X,P,PTC
p.G293X,P,PTC
p.N292X,P,PTC
p.E291X,P,PTC
p.K289X,P,PTC
p.E288X,P,PTC
p.S287X,P,PTC
p.T286X,P,PTC
p.E285X,P,PTC
p.P283X,P,PTC
p.G282X,P,PTC
p.P281X,P,PTC
p.I280X,P,PTC
p.F279X,P,PTC
p.F278X,P,PTC
p.T277X,P,PTC
p.N276X,P,PTC
p.V275X,P,PTC
p.W274X,P,PTC
p.F273X,P,PTC
p.H272X,P,PTC
p.F271X,P,PTC
p.M270X,P,PTC
p.K269X,P,PTC
p.D268X,P,PTC
p.K267X,P,PTC
p.K266X,P,PTC
p.L265X,P,PTC
p.M264X,P,PTC
p.K263X,P,PTC
p.N262X,P,PTC
p.Q261X,P,PTC
p.K260X,P,PTC
p.H259X,P,PTC
p.F258X,P,PTC
p.F257X,P,PTC
p.E256X,P,PTC
p.V255X,P,PTC
p.K254X,P,PTC
p.I253X,P,PTC
p.D252X,P,PTC
p.G251X,P,PTC
p.C250X,P,PTC
p.V249X,P,PTC
p.P248X,P,PTC
p.L247X,P,PTC
p.P246X,P,PTC
p.Q245X,P,PTC
p.P244X,P,PTC
p.F243X,P,PTC
p.E242X,P,PTC
p.F241X,P,PTC
p.Y240X,P,PTC
p.M239X,P,PTC
p.F238X,P,PTC
p.K237X,P,PTC
p.D236X,P,PTC
p.E235X,P,PTC
p.R234X,P,PTC
p.R233X,P,PTC
p.T232X,P,PTC
p.P231X,P,PTC
p.G230X,P,PTC
p.S229X,P,PTC
p.N228X,P,PTC
p.S227X,P,PTC
p.S226X,P,PTC
p.Y225X,P,PTC
p.I224X,P,PTC
p.K223X,P,PTC
p.V222X,P,PTC
p.K221X,P,PTC
p.L220X,P,PTC
p.Q219X,P,PTC
p.C218X,P,PTC
p.V217X,P,PTC
p.V216X,P,PTC
p.F215X,P,PTC
p.Q214X,P,PTC
p.P213X,P,PTC
p.N212X,P,PTC
p.C211X,P,PTC
p.T210X,P,PTC
p.G209X,P,PTC
p.G208X,P,PTC
p.S207X,P,PTC
p.F206X,P,PTC
p.M205X,P,PTC
p.P204X,P,PTC
p.I203X,P,PTC
p.T202X,P,PTC
p.E201X,P,PTC
p.F200X,P,PTC
p.M199X,P,PTC
p.M198X,P,PTC
p.K197X,P,PTC
p.H196X,P,PTC
p.F195X,P,PTC
p.L194X,P,PTC
p.L193X,P,PTC
p.A192X,P,PTC
p.V191X,P,PTC
p.P190X,P,PTC
p.R189X,P,PTC
p.Y188X,P,PTC
p.D187X,P,PTC
p.L186X,P,PTC
p.H185X,P,PTC
p.N184X,P,PTC
p.K183X,P,PTC
p.L182X,P,PTC
p.L181X,P,PTC
p.Y180X,P,PTC
p.S179X,P,PTC
p.Y178X,P,PTC
p.Y177X,P,PTC
p.Y176X,P,PTC
p.Y174X,P,PTC
p.R173X,P,PTC
p.R172X,P,PTC
p.Q171X,P,PTC
p.S170X,P,PTC
p.P169X,P,PTC
p.I168X,P,PTC
p.T167X,P,PTC
p.V166X,P,PTC
p.G165X,P,PTC
p.K164X,P,PTC
p.K163X,P,PTC
p.D162X,P,PTC
p.R161X,P,PTC
p.T160X,P,PTC
p.R159X,P,PTC
p.V158X,P,PTC
p.E157X,P,PTC
p.G156X,P,PTC
p.Y155X,P,PTC
p.F154X,P,PTC
p.D153X,P,PTC
p.L152X,P,PTC
p.A151X,P,PTC
p.E150X,P,PTC
p.Q149X,P,PTC
p.A148X,P,PTC
p.K147X,P,PTC
p.L146X,P,PTC
p.F145X,P,PTC
p.K144X,P,PTC
p.G143X,P,PTC
p.R142X,P,PTC
p.H141X,P,PTC
p.L140X,P,PTC
p.L139X,P,PTC
p.Y138X,P,PTC
p.A137X,P,PTC
p.C136X,P,PTC
p.I135X,P,PTC
p.M134X,P,PTC
p.V133X,P,PTC
p.G132X,P,PTC
p.T131X,P,PTC
p.R130X,P,PTC
p.G129X,P,PTC
p.K128X,P,PTC
p.G127X,P,PTC
p.A126X,P,PTC
p.K125X,P,PTC
p.C124X,P,PTC
p.H123X,P,PTC
p.I122X,P,PTC
p.A121X,P,PTC
p.A120X,P,PTC
p.V119X,P,PTC
p.H118X,P,PTC
p.N117X,P,PTC
p.D116X,P,PTC
p.D115X,P,PTC
p.E114X,P,PTC
p.S113X,P,PTC
p.L112X,P,PTC
p.W111X,P,PTC
p.Q110X,P,PTC
p.D109X,P,PTC
p.L108X,P,PTC
p.D107X,P,PTC
p.E106X,P,PTC
p.C105X,P,PTC
p.F104X,P,PTC
p.P103X,P,PTC
p.K102X,P,PTC
p.I101X,P,PTC
p.L100X,P,PTC
p.E99X,P,PTC
p.L98X,P,PTC
p.Q97X,P,PTC
p.P96X,P,PTC
p.P95X,P,PTC
p.N94X,P,PTC
p.H93X,P,PTC
p.D92X,P,PTC
p.E91X,P,PTC
p.F90X,P,PTC
p.P89X,P,PTC
p.Y88X,P,PTC
p.Q87X,P,PTC
p.A86X,P,PTC
p.V85X,P,PTC
p.R84X,P,PTC
p.C83X,P,PTC
p.N82X,P,PTC
p.F81X,P,PTC
p.K80X,P,PTC
p.A79X,P,PTC
p.T78X,P,PTC
p.D77X,P,PTC
p.Y76X,P,PTC
p.H75X,P,PTC
p.R74X,P,PTC
p.E73X,P,PTC
p.A72X,P,PTC
p.C71X,P,PTC
p.L70X,P,PTC
p.N69X,P,PTC
p.Y68X,P,PTC
p.I67X,P,PTC
p.K66X,P,PTC
p.Y65X,P,PTC
p.H64X,P,PTC
p.N63X,P,PTC
p.K62X,P,PTC
p.H61X,P,PTC
p.K60X,P,PTC
p.S59X,P,PTC
p.D58X,P,PTC
p.L57X,P,PTC
p.F56X,P,PTC
p.R55X,P,PTC
p.V54X,P,PTC
p.V53X,P,PTC
p.D52X,P,PTC
p.D51X,P,PTC
p.I50X,P,PTC
p.N49X,P,PTC
p.N48X,P,PTC
p.R47X,P,PTC
p.Y46X,P,PTC
p.V45X,P,PTC
p.E43X,P,PTC
p.L42X,P,PTC
p.R41X,P,PTC
p.E40X,P,PTC
p.A39X,P,PTC
p.F37X,P,PTC
p.G36X,P,PTC
p.M35X,P,PTC
p.A34X,P,PTC
p.I33X,P,PTC
p.I32X,P,PTC
p.N31X,P,PTC
p.P30X,P,PTC
p.Y29X,P,PTC
p.I28X,P,PTC
p.Y27X,P,PTC
p.T26X,P,PTC
p.D24X,P,PTC
p.L23X,P,PTC
p.D22X,P,PTC
p.F21X,P,PTC
p.G20X,P,PTC
p.E18X,P,PTC
p.Q17X,P,PTC
p.R15X,P,PTC
p.R14X,P,PTC
p.K13X,P,PTC
p.N12X,P,PTC
p.R11X,P,PTC
p.S10X,P,PTC
p.V9X,P,PTC
p.I8X,P,PTC
p.E7X,P,PTC
p.K6X,P,PTC
p.A3X,P,PTC